,Latitude,Longitude,City,Country,Temperature,Humidity,Cloud Coverage,Wind Speed
0,24.37746358275902,173.66640981025063,butaritari,ki,82.58,99,0,12.06
1,36.25900876719193,137.68049272478987,hotaka,jp,5.32,68,32,1.48
2,46.62068397558818,-54.1579259366669,marystown,ca,22.6,100,32,9.31
3,-82.20984646608026,90.01371671122547,busselton,au,65.98,100,0,18.21
4,-71.6467275019975,19.182723129558042,bredasdorp,za,80.6,47,0,8.05
5,-53.94686198362207,-80.32293194511978,punta arenas,cl,48.2,49,75,14.99
6,-13.32476396834221,136.96054519022135,alyangula,au,80.2,100,56,9.93
7,81.70693372610648,-134.86697447895972,tuktoyaktuk,ca,12.2,92,90,26.4
8,37.313680903074285,-146.47470163471206,kahului,us,63.52,56,90,10.29
9,46.62486709399562,49.126235954907656,marfino,ru,21.2,92,75,11.18
10,62.08883577528195,63.68325189150991,agirish,ru,1.81,70,0,2.48
11,-1.8676188994834177,-148.3448895051832,atuona,pf,80.87,100,32,18.1
12,62.41197713636268,177.4325807161311,beringovskiy,ru,33.76,91,64,21.9
13,78.08726750588295,-66.30767762125569,narsaq,gl,8.55,78,75,3.36
14,38.58058483011493,160.36397441465317,severo-kurilsk,ru,24.13,100,48,14.29
15,-44.34677770187713,-92.65375650099112,castro,cl,52.97,98,92,8.86
16,-2.999713860577316,95.73926864201206,padang,id,80.38,100,12,2.71
17,73.75475776806158,147.53455093646272,chokurdakh,ru,-4.14,67,76,15.97
18,-0.351760840392771,163.8948024179715,buala,sb,80.38,100,24,8.03
19,-32.42745778894566,-75.97382674232807,valparaiso,cl,70.25,60,0,13.87
20,-21.77086716374646,-169.6588281720309,alofi,nu,75.2,94,40,3.36
21,39.04020201574616,129.30162563745512,seoul,kr,30.15,100,40,4.27
22,28.657598145092038,-0.8307827780407138,adrar,dz,62.6,20,0,20.8
23,-76.80039951875042,174.22211476624193,bluff,nz,60.44,100,92,13.56
24,-83.16310783929777,-78.92893161482525,ushuaia,ar,44.6,81,75,28.86
25,57.073736558842825,158.33655856463025,tigil,ru,19.45,88,80,5.28
26,-30.265384612680556,75.60585273965063,bambous virieux,mu,77,94,75,6.91
27,-42.245032870055056,-25.03328932720507,arraial do cabo,br,88.66,70,0,16.11
28,73.85716847976917,170.74645855834365,pevek,ru,7.48,92,68,5.35
29,-45.708156145793716,32.49589696725681,port alfred,za,78.98,75,24,6.06
30,68.25628594677423,139.7944887223744,deputatskiy,ru,-17.23,71,64,2.82
31,59.292083397296864,151.94562900076096,ola,ru,-0.41,70,68,4.47
32,88.66942632103806,-40.06744159282539,ilulissat,gl,-2.21,36,75,4.7
33,51.18383597099901,13.078824955078005,dobeln,de,32.9,73,8,4.7
34,-34.744221731926935,10.780197434623688,saldanha,za,69.8,64,76,13.87
35,-31.648294383312944,-138.4201586692415,rikitea,pf,77.05,100,56,6.62
36,-6.724907911182697,152.32689501484646,kokopo,pg,77.09,100,88,8.75
37,10.133228026860706,-81.04307336006994,palmas bellas,pa,84.2,66,20,5.82
38,-37.20851623594216,16.9005142637848,cape town,za,73.4,60,75,23.04
39,58.995516643245935,105.40815621167519,yantal,ru,-13,59,56,2.55
40,44.47481742679656,-168.22171140853837,bethel,us,33.8,59,1,14.99
41,-10.245280994467464,-11.095176096208718,georgetown,sh,82.4,65,20,17.22
42,-16.35315156336206,152.64538571737614,bowen,au,69.8,94,40,5.82
43,-41.68644853811306,-36.180992636144936,cidreira,br,92.57,49,24,7.4
44,35.26480820470944,-134.82703228251603,fortuna,us,46.56,100,90,3.36
45,47.52638594170128,145.04753485796738,novikovo,ru,28.36,95,92,13.33
46,78.77722848977484,-114.54720524008142,yellowknife,ca,5,71,75,6.93
47,53.06920696572004,129.00289948185377,shimanovsk,ru,-4.9,66,48,5.01
48,-52.093556560072074,138.24102841320035,new norfolk,au,64.4,82,20,4.7
49,-19.357811088558904,55.30560409182246,saint-denis,re,76.82,78,75,4.7
50,22.79398309836307,-106.72467176991199,mazatlan,mx,69.8,83,75,2.71
51,56.12546458049866,-72.35994725415334,chapais,ca,-7.61,63,1,11.41
52,-39.519827730565275,139.49425244864722,mount gambier,au,68.5,81,12,2.33
53,35.68430443568609,96.85803183770565,yumen,cn,7.12,79,68,6.73
54,-36.601658714778836,172.19979108638836,ahipara,nz,67.28,97,100,12.84
55,42.00757531054953,8.408925429360778,ajaccio,fr,51.53,50,20,6.93
56,22.02013472801164,-70.27640644124031,cockburn town,tc,77.63,99,0,23.91
57,-28.445717114301075,113.77013360654286,geraldton,au,68,72,0,21.92
58,-10.33663898177052,-107.57357572193858,puerto ayora,ec,78.8,78,75,6.93
59,-34.91378666437097,-173.96106888070895,vaini,to,80.6,88,20,4.7
60,-50.259503092846025,118.05681054559972,albany,au,63.23,73,64,9.93
61,59.2205856308743,-50.60518390403422,paamiut,gl,19,100,68,20.22
62,-37.10792657439458,164.59314240443422,westport,nz,52.43,100,0,2.04
63,-0.9604035685774477,140.69000703696867,vanimo,pg,83.03,100,88,17.58
64,-4.226110959149395,74.12389588927766,hithadhoo,mv,83.71,100,48,9.37
65,32.55039129452905,-167.2961291784879,kapaa,us,64.4,72,40,8.05
66,25.92501351564526,96.61585002829742,myitkyina,mm,58.6,97,24,4
67,33.145168029458944,-112.1326900341865,phoenix,us,55.38,21,20,8.05
68,44.81681925334698,169.00587317251626,nikolskoye,ru,24.8,85,90,4.47
69,67.10226168746968,24.84712048997801,rovaniemi,fi,19.4,92,90,9.17
70,78.6718665790442,-91.72242296762154,qaanaaq,gl,-15.7,89,56,5.61
71,60.43504222006209,56.02477665821809,cherdyn,ru,13.06,84,68,3.89
72,20.905351790463797,-7.4320798329521836,taoudenni,ml,68.32,26,0,13.11
73,-36.828780516795355,-162.98433053778592,avarua,ck,78.8,94,40,5.82
74,6.447182437785585,67.82302764445265,kulhudhuffushi,mv,83.3,97,48,11.1
75,16.173228855670672,101.85021210679866,kaset sombun,th,65.26,84,0,2.37
76,2.17761934708507,121.57813765641038,gorontalo,id,73.49,97,56,2.26
77,87.8598882293326,-37.19090767399621,tasiilaq,gl,19.4,85,90,19.46
78,58.67910149765058,86.89798707650033,pervomayskoye,ru,11.57,91,80,5.23
79,-23.98659858504206,21.233205256161796,hukuntsi,bw,86.54,38,44,7.52
80,-3.720102825146512,-61.95651225197696,codajas,br,88.7,71,20,7.29
81,10.593343860960417,2.818271709051885,bembereke,bj,94.42,25,20,8.52
82,-14.20446923996316,60.162599952538216,cap malheureux,mu,77,94,75,14.34
83,32.966522290543395,-62.414088988568125,saint george,bm,66.2,93,75,18.34
84,-71.12326736937797,151.2342506249051,hobart,au,64.4,82,20,4.7
85,-28.905041017928305,87.49075293213878,carnarvon,au,78.98,92,8,21.61
86,10.782994628259672,60.7524249468415,salalah,om,73.4,69,0,6.93
87,22.977335659893924,104.67933779113162,mabai,cn,45.77,92,24,1.48
88,10.377068938181623,47.317747919601516,bosaso,so,73.81,100,0,12.95
89,-20.877783404526312,38.02895283495806,quelimane,mz,80.6,83,75,5.82
90,28.74618101952572,-104.30217117893939,ojinaga,mx,45.46,60,32,2.26
91,-3.219006658788288,-65.46321954710818,uarini,br,87.8,84,40,5.82
92,49.93629824219917,131.11800942138632,khingansk,ru,0.82,68,76,2.37
93,43.29758656802912,38.058973647243164,arkhipo-osipovka,ru,44.69,98,64,4.79
94,-58.7795370524739,176.38584292586455,kaitangata,nz,56.3,93,92,5.61
95,-41.55012914961646,-107.06158439638622,ancud,cl,58.28,73,68,7.29
96,-15.899221215422116,-48.61216496615555,abadiania,br,78.8,61,75,8.05
97,89.58339777533976,-149.88178684429562,barrow,us,36.95,74,1,5.82
98,20.263914340928707,-83.17777658232667,santa fe,cu,80.6,69,75,12.75
99,44.347862342333315,-179.90952076532204,provideniya,ru,29.08,99,92,25.37
100,70.75411642064316,125.95607798672364,tiksi,ru,-33.66,0,20,2.71
101,72.55129418802727,-76.31147934576337,clyde river,ca,-29.21,66,20,8.05
102,-45.12464936035778,16.23131596580521,hermanus,za,79.03,40,0,12.62
103,51.08045880967944,-131.28354857736636,prince rupert,ca,26.6,92,1,4.7
104,43.017792606025466,-8.303793686047356,betanzos,es,48.02,57,40,11.41
105,-10.888185090346198,50.82048579628284,ambilobe,mg,75.47,99,92,3.04
106,-19.507101475328838,-52.35860976982576,cassilandia,br,87.89,77,0,7.02
107,55.26481051231923,80.83482464810089,chulym,ru,1.81,61,56,3.71
108,19.94708322346564,107.10259054351184,thai binh,vn,59.41,95,68,6.73
109,-15.910264063700993,40.26318645673862,angoche,mz,74.39,100,92,7.63
110,67.67801633978644,61.11925884469969,verkhnyaya inta,ru,13.87,70,76,5.23
111,85.12897171423762,90.92853686295308,dikson,ru,18.5,86,56,25.59
112,-16.965118074985057,65.66842157375675,quatre cocos,mu,77,94,75,6.91
113,-20.07291798405413,-74.08611822679254,ilo,pe,72.68,67,76,3.56
114,-2.139973266738963,84.23950883982462,hambantota,lk,79.97,100,64,11.16
115,33.2398380208689,97.24471295309479,tezu,in,46.45,98,92,1.54
116,25.04945012472251,64.91805529567989,ormara,pk,73.18,77,88,11.16
117,19.541254857660178,-74.54741435353804,baracoa,cu,75.43,100,88,18.37
118,42.54983234276921,128.44394713053975,helong,cn,45.68,98,92,2.48
119,27.34452661092692,-88.04292546030727,pascagoula,us,59.85,63,75,9.17
120,52.748775453972115,89.48200070092014,tashtyp,ru,-0.54,53,0,1.48
121,22.0397894326818,-38.045429954633335,ponta do sol,cv,67.78,100,32,26.87
122,37.27252084938759,-151.1315364309903,ahuimanu,us,64.83,72,90,3.36
123,-21.088181802817857,-39.70760082669608,guarapari,br,80.6,94,75,3.36
124,-46.896631253585596,-69.76942439916697,comodoro rivadavia,ar,59,41,40,10.29
125,-26.48927667433805,139.82391793945544,broken hill,au,79.97,36,0,6.02
126,-14.572437803000057,160.25493631186805,kirakira,sb,82.49,100,92,12.95
127,-20.860344260803657,-33.60023521840364,caravelas,br,80.69,99,92,15.41
128,-28.279779668653326,33.333915329205695,richards bay,za,83.93,58,0,13.96
129,13.472676728987437,6.397974778101684,tibiri,ne,100.4,5,0,9.17
130,22.020004903920366,55.6512602062887,nizwa,om,62.42,17,0,7.58
131,39.98595580455219,124.07173825163756,dandong,cn,22.42,60,12,9.04
132,66.25476691292067,69.25873794817207,aksarka,ru,2.98,86,36,6.13
133,72.26363256293882,90.67459349306785,talnakh,ru,7.43,85,76,8.81
134,25.184552172754024,22.014490160145158,jalu,ly,81.95,29,92,8.86
135,47.53096224362719,-128.5227063438246,ucluelet,ca,33.8,100,40,2.04
136,33.22794154034236,-110.85926411082413,florence,us,53.82,54,1,9.17
137,-38.37781399813094,-77.51366448702377,lebu,cl,58.06,91,0,11.43
138,-6.789857687782231,133.88599214989756,tual,id,82.94,100,92,10.83
139,43.12017310599407,115.56924397706257,zhangjiakou,cn,3.25,33,0,10.16
140,-22.1286325722713,7.240027067987569,henties bay,na,70.7,85,0,7.63
141,68.10349757028877,123.44189216805546,zhigansk,ru,-30.06,50,24,0.25
142,51.46567625612428,1.7013544298023078,broadstairs,gb,41,100,90,14.99
143,-3.6373508886917705,-60.52163938042089,manacapuru,br,87.58,75,20,5.84
144,36.16077662445801,-87.4976885924877,dickson,us,48.06,61,1,6.8
145,-29.85272067258763,-71.91323872656389,coquimbo,cl,69.8,68,20,13.87
146,61.288457401538466,23.44380379092911,nokia,fi,19.4,92,90,6.93
147,38.76578989729762,-79.42320907778965,harrisonburg,us,34.65,55,1,8.05
148,34.293578709834875,-72.79133353150775,elizabeth city,us,47.71,74,1,9.17
149,40.356516085351785,-43.72202657619758,torbay,ca,21.2,73,75,14.99
150,42.56831294342783,103.19693392994247,hovd,mn,-13.63,54,32,2.48
151,-20.14664160021286,32.20569723014714,chipinge,zw,78.8,64,88,6.58
152,40.887389761836545,85.39324795746433,korla,cn,6.17,51,8,2.26
153,-37.82710581848998,68.55628660773507,mahebourg,mu,77,94,75,6.91
154,6.798962635451161,-57.02015986837526,fort wellington,gy,75.25,100,92,12.28
155,19.648667952959002,-148.84392789873334,hilo,us,49.96,72,1,18.81
156,0.41252663347593455,71.88233138045939,thinadhoo,mv,83.39,100,0,10.09
157,45.45401479290646,50.28072496988426,fort-shevchenko,kz,35.47,94,0,20.22
158,-78.44590173368461,57.639009931902194,east london,za,73.4,78,0,9.17
159,38.84179256418872,-85.93036479502982,seymour,us,40.06,81,0,12.66
160,47.289774368230866,-121.93936288171557,enumclaw,us,39.65,100,90,1.54
161,31.27906423904048,126.49641564794399,fukue,jp,39.2,60,0,4.7
162,-31.918690309018054,18.80518544471164,vredendal,za,73.72,51,8,11.27
163,-0.8910992351912057,103.98996023947598,simpang,id,78.89,100,0,6.02
164,66.02149852750185,106.9525737952759,aykhal,ru,-18.72,26,48,4
165,3.7519701147344335,68.0608905683959,mahibadhoo,mv,82.49,100,64,12.06
166,-2.8632275702145193,64.16307502320538,victoria,sc,80.6,78,20,2.24
167,15.110274452871522,24.398531393313363,kutum,sd,82.81,26,0,9.37
168,-44.422960555116155,-55.61109614220784,necochea,ar,77.05,54,32,17.87
169,10.572892534811757,-0.32456079105358526,bawku,gh,96.53,22,0,12.84
170,-3.7631023986619425,-151.78989872543107,faanui,pf,81.37,100,92,19.33
171,73.18915314226314,73.07297125366631,yar-sale,ru,11.17,93,88,8.75
172,80.95241636461267,30.79691556095932,berlevag,no,27.16,79,20,41.38
173,76.46892054962382,97.66289702231506,khatanga,ru,2.8,68,56,10.83
174,57.15388743205153,52.28234963452175,uva,ru,12.65,86,56,3.56
175,10.14144115346005,-114.9789240472566,san patricio,mx,77,94,90,2.82
176,75.78540528131768,-10.230221744972255,husavik,is,30.2,68,40,18.34
177,-30.896627196899765,-61.28290468332129,rafaela,ar,72.77,89,76,14.56
178,-49.85093416373892,157.82095587029136,tuatapere,nz,57.83,100,80,6.4
179,12.782192478337095,-117.93355564449276,cabo san lucas,mx,69.8,83,75,3.36
180,55.19331795299121,91.84475819056257,balakhta,ru,12.38,85,80,4.5
181,54.24230191096973,-124.56053143957222,fort saint james,ca,-10.75,67,0,2.55
182,32.15568131782754,-44.2010610496169,ribeira grande,pt,64.4,82,75,17.22
183,65.43110376325151,136.46200129834443,batagay,ru,-37.66,0,48,3.11
184,52.62502520082617,110.18304834098461,khorinsk,ru,-14.8,61,20,5.73
185,3.9108020569854887,-108.51989453551201,ixtapa,mx,71.6,83,90,2.71
186,-18.899886061825583,-57.58650105412886,ladario,br,88.75,70,75,8.05
187,44.360756738376494,30.413747010879888,sfantu gheorghe,ro,44.62,87,0,6.93
188,52.024463547188475,-79.78336415467342,moose factory,ca,-9.41,69,1,13.87
189,60.18215104700977,-25.622245809466932,grindavik,is,28.4,58,20,3.36
190,-48.427422736309744,63.03467996595771,saint-philippe,re,77.11,88,75,6.93
191,-14.71043128391429,146.73646128257099,cairns,au,69.8,94,20,6.93
192,42.32136928743921,-110.07870155725253,green river,us,42.8,45,1,21.92
193,-19.46655699977707,-53.71578664463749,camapua,br,86.86,66,44,9.42
194,-0.004107988159503861,-59.51656642123841,boa vista,br,89.6,46,40,18.34
195,-45.463445045304724,-38.0465998559755,chuy,uy,84.88,91,48,13.18
196,-44.73993492171935,-14.715960088320202,jamestown,sh,71.87,100,0,14.79
197,-12.087682761475264,121.27852291952644,waingapu,id,73.18,97,20,1.77
198,66.1806825882731,-4.9595344243022055,klaksvik,fo,30.2,92,36,22.39
199,13.600168236018845,-50.069157728048566,iracoubo,gf,76.96,91,88,4.61
200,-16.677314159938888,64.26242707969027,grand gaube,mu,77,94,75,14.34
201,18.687708230143812,-126.56695822843086,guerrero negro,mx,51.17,95,0,1.03
202,32.294546810039805,131.84491935322814,nobeoka,jp,36.91,80,80,2.37
203,12.504484495467509,88.89707462258087,port blair,in,79.79,100,20,11.54
204,25.086906191075087,86.38508336939168,kharagpur,in,76.64,63,76,2.55
205,59.541678864395664,43.87826338647983,imeni babushkina,ru,20.39,87,88,8.93
206,-28.593075706006395,27.470216321899045,marquard,za,76.51,62,24,3.38
207,46.21660644415741,-138.47607662640993,sitka,us,28.22,67,48,21.61
208,-52.14006814513489,176.8324336202656,dunedin,nz,49.96,94,80,2.89
209,-6.444714468101736,123.02223619068923,katobu,id,83.8,90,64,6.4
210,11.412824334605006,-21.908348518125962,praia,cv,71.6,56,40,23.04
211,42.81405106949467,69.17334697006947,arys,kz,26.6,73,24,4.47
212,0.8248660147404792,22.865984414372576,basoko,cd,99.59,27,12,4.05
213,39.75655343993398,34.29739938786793,yerkoy,tr,45.55,58,24,3.6
214,35.04336874504662,132.53833956386046,oda,jp,48.25,96,80,16.58
215,41.20912812064057,-7.830223399422948,godim,pt,47.53,83,24,3.38
216,39.640676658857274,-79.43190568828048,uniontown,us,29.08,69,1,3.33
217,62.49555545511629,132.1343118447029,churapcha,ru,-31.05,51,64,3.33
218,-3.79666210611137,99.53432196181853,sungaipenuh,id,67.73,97,92,1.25
219,14.455541659611882,115.755997439922,palauig,ph,72.05,100,76,4.34
220,21.49017235836915,104.76936804033642,yen bai,vn,52.97,97,20,2.48
221,8.372948181288393,-33.75271120853617,sao filipe,cv,69.76,95,20,21.83
222,-7.043100430247918,2.3167582372738025,omboue,ga,81.23,100,24,7.4
223,60.19203949878971,-46.46604769173996,qaqortoq,gl,8.56,78,75,3.36
224,6.2070131781343605,-32.910935824765744,paracuru,br,86,62,40,11.41
225,-4.783226136808182,12.238706934619842,loandjili,cg,84.2,74,75,8.05
226,74.48215276907459,-122.81580447047087,norman wells,ca,-0.41,70,75,3.36
227,64.36018703671013,51.39064856675904,ust-tsilma,ru,16.07,80,44,5.73
228,8.574075424870685,146.98879510009766,lorengau,pg,79.25,100,92,13.78
229,25.950620670115725,133.6178520413465,naze,jp,65.48,100,76,15.57
230,-15.787210384174074,141.91844153157518,mareeba,au,69.8,94,20,6.93
231,68.22642511899573,-11.600550781376455,hofn,is,17.6,78,0,5.82
232,36.22973736057551,82.38935088057985,leh,in,-26.91,25,12,2.26
233,80.80583976632045,162.7409586949197,cherskiy,ru,-6.03,72,64,1.88
234,30.032945656760305,-73.82078866259151,marsh harbour,bs,72.59,100,80,15.12
235,65.31651274306759,138.41280271390906,khandyga,ru,-32.8,0,48,2.59
236,-7.365463764485838,111.8086066918957,bojonegoro,id,73.58,97,76,4.61
237,-49.45044616600316,-44.1324502175772,mar del plata,ar,48.52,88,88,15.64
238,48.64925003418429,-72.43589174413077,saint-felicien,ca,-4.01,70,20,3.36
239,35.71147701395297,138.87921118385208,otsuki,jp,32,100,1,3.33
240,40.56682159272697,-105.19118568969886,fort collins,us,23.59,85,90,11.41
241,15.13080588005515,14.85887927774391,mao,td,101.35,12,0,4.79
242,39.550076234801566,-96.01564926182598,topeka,us,26.01,85,90,12.75
243,20.665930970418884,92.06794865718018,teknaf,bd,65.62,92,0,2.71
244,68.5590456741742,67.21496925254439,labytnangi,ru,-7.6,48,0,4
245,41.037209355252344,53.53071745297723,balkanabat,tm,32,39,0,5.28
246,6.491273342615983,103.54280333632033,kuala terengganu,my,77,73,75,3.36
247,66.0978934934486,-71.22432431320523,iqaluit,ca,-36.41,65,40,10.29
248,46.92472614862106,96.66700539047008,erzin,ru,-6.7,76,56,1.03
249,14.668943638932959,156.81664548111314,kavieng,pg,80.47,100,68,9.04
250,10.422995202269988,100.01691678144908,chumphon,th,74.8,80,20,1.77
251,2.737037146559018,135.1707311389713,manokwari,id,80.83,100,44,5.01
252,52.08159580631366,2.0903816745723702,lowestoft,gb,38.37,93,75,10.29
253,39.27211214267305,123.64464459294487,zhuanghe,cn,24.8,94,20,15.9
254,0.5032048832790252,-53.21689156537323,mazagao,br,89.6,59,75,4.7
255,58.15423097140436,-97.58892652795974,thompson,ca,5,65,75,18.34
256,49.475252718898474,98.41849618896072,kungurtug,ru,-7.15,61,36,8.08
257,3.010444206479633,115.42747594988123,limbang,my,78.8,78,75,1.12
258,-35.72427491123376,126.369350518175,esperance,au,64.58,84,100,10.83
259,-1.276926104553155,155.0785237342581,namatanai,pg,79.25,100,88,9.04
260,80.71352405166672,-56.62014809277008,upernavik,gl,-8.82,100,0,6.62
261,-9.994883263720482,-47.44243361545762,palmas,br,75.2,94,90,9.17
262,70.84043800967387,144.29198868116998,belaya gora,ru,-6.3,73,88,5.79
263,46.500432611001685,22.24673148927613,pocola,ro,37.4,86,90,5.82
264,36.47471511252975,-103.74975385313138,raton,us,43.74,33,1,4.7
265,30.34726004695102,43.92663274394735,baghdad,iq,66.2,25,0,3.36
266,25.74162488259762,-63.69789211108359,hamilton,bm,66.2,93,75,18.34
267,-7.377418375051306,31.447455658102683,chala,tz,62.02,100,92,7.74
268,-29.970194264816868,153.8319424903293,coffs harbour,au,68,88,12,5.82
269,12.998057202756726,-72.74343853317802,manaure,co,86,55,40,23.04
270,65.23298231784861,114.8376462812007,udachnyy,ru,-9.09,65,68,5.06
271,-0.540312757961388,124.26258812359299,luwuk,id,78.58,100,44,3.38
272,5.240734017222195,40.56618823141372,kibre mengist,et,76.15,14,0,4.27
273,-3.043952623583209,88.62017553680113,meulaboh,id,78.89,100,0,6.02
274,42.807237958282286,-26.143693088904996,praia da vitoria,pt,66.2,82,40,15.46
275,45.479267645387836,46.07590781621764,komsomolskiy,ru,10.9,79,88,9.75
276,3.686091961594684,102.43062844093629,mentakab,my,75.47,68,0,5.23
277,25.80274747697365,37.266717913565856,umm lajj,sa,80.38,53,0,2.26
278,36.38285138554798,112.50542974313117,xinzhi,cn,21.02,26,80,5.06
279,3.9640893388270797,51.22900213103327,hobyo,so,77.54,81,20,16.58
280,-85.81320809218336,35.13187339014726,port elizabeth,za,71.6,83,0,21.92
281,-8.908662848473668,142.90735010492108,daru,pg,79.03,100,92,9.31
282,-40.759160813112324,-62.50292227774224,viedma,ar,69.76,31,0,18.43
283,-27.834009079990594,5.030912668960468,luderitz,na,73.4,60,20,11.41
284,46.776601215403446,-150.633407881455,kodiak,us,23,79,90,17.22
285,5.299984212804176,-110.8082044213681,coahuayana,mx,69.4,42,48,1.59
286,-13.187199304981718,-89.57539128121397,chicama,pe,73.4,83,40,9.17
287,23.633896287709774,19.81099287792145,awjilah,ly,77,36,88,11.77
288,56.68298352163504,144.3621924407836,okhotsk,ru,10.49,93,80,4
289,3.5733621970148874,2.101561524202225,anloga,gh,87.8,74,0,19.46
290,16.918285810964818,-51.576869947258274,bathsheba,bb,84.2,70,75,20.8
291,22.85942883371979,96.58135139833132,mogok,mm,57.07,86,64,1.81
292,18.702589122765403,-106.76124563012505,tomatlan,mx,69.76,72,92,1.77
293,-16.549186727736398,116.41408747185068,karratha,au,83.39,67,0,8.03
294,52.380481566029744,123.68560060870817,tahe,cn,-7.29,58,44,6.13
295,59.253865736994925,49.78772320040943,raduzhnyy,ru,3.61,65,80,7.74
296,38.1622663659802,-11.022179507052641,cascais,pt,51.8,87,40,12.75
297,7.426053969386544,19.51989280883157,kabo,cf,104.18,17,8,5.12
298,35.364289909514596,-16.939714213577872,camacha,pt,63.61,63,20,17.22
299,32.76631847202728,123.59662862365411,huilong,cn,42.44,97,92,8.37
300,15.356247278707144,-94.73122398242471,san francisco del mar,mx,74.53,100,0,30.78
301,9.180143705944559,-1.3330893148223595,tamale,gh,99.82,16,0,13.06
302,-14.810043882661006,-73.00851805543522,tambo,pe,66.2,72,40,2.24
303,59.187034220851416,164.92626792862825,tilichiki,ru,13.42,79,64,2.89
304,-14.012662124085466,46.40002620823071,bandrele,yt,82.4,74,68,5.82
305,63.29538935028745,-152.4117047356753,kenai,us,-3.95,83,1,6.8
306,19.7700412371984,-4.890258775935422,araouane,ml,66.65,33,44,12.28
307,87.9341196693174,26.393365248432588,longyearbyen,sj,30.2,63,40,11.41
308,41.98862924940761,45.47228039407122,akhmeta,ge,41,86,75,5.82
309,13.290195734443984,-0.47868241254988675,bogande,bf,91.72,23,0,13.85
310,-27.007382985294846,-72.6639776277401,copiapo,cl,71.6,60,40,6.93
311,23.99482632437544,-127.90305848032693,lompoc,us,49.42,75,1,4.7
312,31.290726554527893,11.344766361156587,nalut,ly,53.24,91,56,8.52
313,29.08308462504931,16.221924077866788,waddan,ly,72.59,35,92,5.23
314,-21.62113963321515,-74.93362458728123,tocopilla,cl,70.52,81,32,5.73
315,5.842549375794121,-165.0725483208707,makakilo city,us,64.78,72,90,3.36
316,87.77521237927527,115.45332161836723,saskylakh,ru,-6.7,60,80,9.93
317,-6.3374465704461755,104.94648009931552,labuhan,id,73.36,99,48,1.77
318,45.22246134600201,-101.60351145508068,pierre,us,-0.41,77,90,6.93
319,52.50421754580995,-108.2159660825708,north battleford,ca,-7.61,69,1,13.87
320,66.97620236916995,55.31618360075291,iskateley,ru,10.22,76,68,12.88
321,47.846293056008335,-29.952981625637705,lagoa,pt,53.6,87,75,2.24
322,49.91361360282497,-61.533921670372536,havre-saint-pierre,ca,5,65,75,5.82
323,43.385285556194134,-113.81340895506673,hailey,us,39.2,44,20,3.36
324,15.362073615825992,-93.89894111174085,tres picos,mx,77,57,20,4.7
325,54.929477154688016,39.72276056609769,solotcha,ru,22.64,83,88,14.18
326,-8.398825560383742,21.6442456244464,lucapa,ao,82.27,61,56,7.36
327,51.64406905464767,-91.54957522925262,sioux lookout,ca,-5.81,70,40,11.41
328,60.69390363538534,63.34298024263052,yugorsk,ru,2.62,68,20,3.27
329,50.26281467642474,85.91996415321285,ust-koksa,ru,-6.25,61,0,1.88
330,5.022160246070342,-88.1515618216114,nicoya,cr,87.8,45,20,18.34
331,-4.2580715300342575,27.850544012619395,kasongo,cd,88.34,52,12,3.11
332,23.785402634746674,103.03726298529966,kaiyuan,cn,8.78,72,0,3.6
333,38.19913923540079,37.30362962571283,elbistan,tr,44.15,61,12,3
334,25.36039994370337,42.39060592230362,buraydah,sa,68,28,20,3.36
335,39.843664837930646,78.67364638801962,shache,cn,23.77,70,0,7.52
336,9.403888443541632,-11.764384269526175,kabala,sl,94.15,21,0,13.11
337,45.44820714572356,4.665341249492968,rive-de-gier,fr,40.55,65,0,3.36
338,-38.12049269347479,133.40710207753227,port lincoln,au,68.54,93,0,4.38
339,66.43408060044763,-134.4484143026558,aklavik,ca,12.2,78,90,4.7
340,-23.781068167566715,37.59519986532345,inhambane,mz,79.88,88,92,14.9
341,37.60565272965712,-100.0491920566669,dodge city,us,19.4,73,90,26.4
342,47.284725163708686,-91.56534113679079,duluth,us,-0.15,54,1,3.36
343,39.377106885235406,-110.186523624432,price,us,39.2,60,1,5.39
344,16.690742618189702,-44.28533595398682,sinnamary,gf,76.15,100,100,6.91
345,53.619697722094,17.23790773509478,czluchow,pl,21.29,91,20,4.83
346,5.623011304950822,13.114072333142786,betare oya,cm,91.94,35,64,4.05
347,51.10323510910902,-104.13977079294826,wynyard,ca,-15.3,65,24,14.12
348,-44.81702040286298,173.52481636423653,christchurch,nz,59,87,12,4.7
349,63.517973861221236,92.98999955460664,severo-yeniseyskiy,ru,8.92,78,76,4.05
350,34.124446526249486,112.95315104975197,dengfeng,cn,29.03,50,56,1.25
351,-0.7503933317093043,-36.98556874315693,jardim,br,90.82,59,44,11.88
352,9.930509512426482,75.85130889024381,kochi,in,77,88,75,6.24
353,25.79464770788431,113.15331952244077,chenzhou,cn,42.31,95,44,3
354,66.5001809687079,6.1432764576852605,bud,no,41.61,99,75,14.99
355,-43.75270341049379,-65.95503550450701,trelew,ar,59.9,45,8,22.57
356,4.6978608675185995,97.39513046950833,lhokseumawe,id,81.55,99,0,7.81
357,-5.620290447828253,-28.970104624073628,cabedelo,br,86,62,75,10.29
358,61.3234708660228,-146.1596101451026,palmer,us,4.77,91,1,3.36
359,-30.16406892128495,-51.84977551321683,butia,br,89.6,38,0,4.7
360,-16.89870357556994,-32.33915624906024,belmonte,br,83.35,78,68,4.05
361,50.901465279288516,108.3163872997913,petrovsk-zabaykalskiy,ru,-11.56,52,36,5.73
362,16.650265547760966,3.5615568199884535,filingue,ne,92.98,23,0,14.18
363,43.553155232771786,-94.55879078144166,fairmont,us,12.85,85,40,18.34
364,69.70522127815451,40.540207646495276,ostrovnoy,ru,18.37,84,88,20.67
365,67.45743073591566,-44.46449230204735,qasigiannguit,gl,-2.21,36,75,4.7
366,23.35600318017744,-97.09885036570572,nuevo progreso,mx,66.16,100,68,12.28
367,-47.23157138452608,-59.11454508937486,rawson,ar,59.9,45,8,22.57
368,-34.12997730679002,-67.49557046472906,san rafael,ar,72.32,30,0,7.52
369,9.47015303815516,22.448685764886847,birao,cf,99.95,16,0,7.29
370,-1.2308084239585355,-25.351263558825025,natal,br,86,66,40,8.05
371,55.92663936348853,-131.8533879767158,ketchikan,us,31.96,100,1,9.17
372,52.0744495239193,-119.70044262946749,chase,ca,21.2,57,90,9.17
373,72.06565130851692,27.588309821880074,mehamn,no,27.86,73,0,29.97
374,41.48258317491735,-102.4160277061672,sterling,us,33.91,74,90,9.17
375,-1.9957389327931736,127.67915564302189,ambon,id,77,94,40,8.05
376,-23.25277527328825,-94.93568610376539,pisco,pe,73.4,78,0,9.17
377,-10.048385385901966,5.045122255076535,luanda,ao,84.2,66,40,10.29
378,-15.250433526309422,117.37062657137432,port hedland,au,82.4,88,0,8.05
379,49.312751768111355,5.789319136930146,longwy,fr,30.2,92,90,6.93
380,-22.243154801989647,-39.16525337496532,sao joao da barra,br,89.6,55,75,9.17
381,-38.54897497373253,155.91759526292935,ulladulla,au,66.2,100,75,5.82
382,61.790991879275595,108.3602306324737,yerbogachen,ru,-15.84,69,80,4.27
383,55.15735158180533,141.66976076703804,okha,ru,-8.82,82,0,4.83
384,-7.149548629820501,41.23481864503063,kilindoni,tz,82.13,97,48,13.96
385,54.606054438004605,72.6821244632219,sherbakul,ru,6.17,83,48,2.71
386,54.573413397353875,-69.6888803793102,port-cartier,ca,3.2,71,75,2.24
387,31.86408667625784,42.70837859210164,hit,iq,63.5,57,56,3
388,-28.748356456306155,134.4450643067039,flinders,au,66.2,100,75,5.82
389,38.02420557438535,50.13277461898113,astaneh-ye ashrafiyeh,ir,46.4,81,75,4.7
390,24.081034007280962,-19.841168717198286,nouadhibou,mr,69.8,35,0,23.04
391,-10.53985591627189,-69.85914324950477,iberia,pe,81.23,84,80,2.89
392,64.3725909886193,-146.9959704130283,fairbanks,us,-21.41,74,1,3.38
393,41.60714488600246,47.295239891814305,rutul,ru,42.8,75,90,4.7
394,31.376811623400556,108.76093783126299,wanxian,cn,36.82,97,92,1.88
395,34.83744747738427,131.4340960602259,hagi,jp,36.82,77,68,2.77
396,-17.702552247270276,140.89346597946172,mount isa,au,78.8,34,0,4.7
397,-9.099819276308054,-61.01991337998028,aripuana,br,88.75,68,0,3.04
398,58.13199260490484,69.2802363455692,vagay,ru,11.08,73,76,5.12
399,40.80691273245128,-87.15473390112142,west lafayette,us,36.32,64,40,8.05
400,-20.05010103567244,-42.13750076325468,manhuacu,br,75.7,98,20,3.78
401,-0.33072524721106333,-112.22202400649253,lazaro cardenas,mx,51.8,87,90,5.06
402,39.45171777738807,-109.23656901220299,redlands,us,53.82,46,1,2.59
403,42.56356487974065,-108.6403894173638,lander,us,16.63,85,90,5.82
404,50.96157652391312,158.7754329983636,petropavlovsk-kamchatskiy,ru,21.2,73,20,6.71
405,58.21343970546721,-111.61200913357503,athabasca,ca,-12.1,55,0,10.65
406,-44.37706502954372,169.42112596492308,wanaka,nz,50,93,88,1.88
407,-19.404336624805012,-49.10801185410611,prata,br,84.7,90,0,10.09
408,22.902764526838595,60.585957604030426,sur,om,71.38,95,76,13.18
409,-7.33159735462867,38.46842924096575,maneromango,tz,82.4,74,75,17.22
410,36.74016386830871,-81.01148885955541,pulaski,us,42.46,60,1,3.22
411,54.89126527388419,6.996152175687683,westerland,de,33.8,80,48,14.99
412,-3.286474688558144,-87.52985063751875,san cristobal,ec,63.91,100,88,2.33
413,50.66060135970281,-113.97938919888182,okotoks,ca,-19.38,75,20,2.59
414,30.19459773602604,-109.80328773470826,cumpas,mx,45.68,77,0,1.99
415,53.44473532106039,-117.17550245392923,hinton,ca,-14.53,76,0,2.59
416,-30.902242530183905,-62.36568081477928,san francisco,ar,71.83,89,88,17.36
417,20.495125422288723,-14.78938550912531,atar,mr,62.6,42,0,6.93
418,11.79689898255836,-84.59916616310491,nueva guinea,ni,73.22,99,92,3.49
419,55.81371588838823,-59.79487925672119,saint-augustin,ca,12.85,72,75,5.82
420,-27.078461866559273,-49.36283266155618,ibirama,br,80.65,86,24,3.6
421,-9.032301624398002,122.13277014652112,maumere,id,80.24,100,24,3.38
422,8.571517336721513,-84.23937826043849,buenos aires,cr,78.76,75,12,1.21
423,47.37388225156579,-130.16803666280035,port hardy,ca,33.8,86,20,9.17
424,-18.601307014055493,53.98887127320714,le port,re,76.93,78,75,4.7
425,62.35995380838193,-121.70761140439288,fort nelson,ca,-16.61,75,40,2.24
426,20.435449243309947,-75.03726543627081,moa,cu,71.65,89,88,7.14
427,57.03210324925897,150.99668514718428,magadan,ru,-0.41,70,64,4.47
428,65.80609458743245,59.532601584464004,inta,ru,15.35,76,80,6.24
429,-1.3883622625174894,35.38122662631065,narok,ke,77.27,24,24,8.86
430,42.07869072671204,-17.818285744181992,vila franca do campo,pt,64.4,82,40,13.87
431,47.930936974458774,-7.579912146699741,penzance,gb,42.82,65,40,21.92
432,66.86528664013977,-169.16384217746776,lavrentiya,ru,24.13,100,88,19.71
433,-11.545367402317368,28.830270241680125,mansa,zm,69.8,95,76,11.54
434,-25.793678103063186,-72.48910909155758,taltal,cl,71.92,59,0,4
435,-22.618710619902316,164.6108095195478,bourail,nc,68.95,93,64,5.5
436,-9.36696241573911,33.980363924151646,ipinda,tz,74.93,83,80,2.48
437,-22.203817597765948,46.94581666845406,ikongo,mg,66.83,96,92,3.56
438,40.259709285417756,43.942944769290705,ashnak,am,38.28,56,20,2.1
439,56.414615256281735,-66.71263690089378,sept-iles,ca,3.2,71,75,2.24
440,-42.25905097211574,69.7089959658557,souillac,mu,77,94,75,6.91
441,24.68978261885657,26.602113926587577,asyut,eg,81.1,49,8,3.04
442,33.48180174135206,-99.45365536310987,vernon,us,27.01,63,75,3.33
443,-34.6565407604947,141.25101868852465,mildura,au,82.94,37,68,7.02
444,-73.48086770727208,28.586166526485385,kruisfontein,za,70.97,77,0,12.62
445,-1.944651214882981,82.02809564129831,matara,lk,77,100,64,5.5
446,10.038838881060613,-44.46334178694494,cayenne,gf,75.2,94,90,11.41
447,43.54042548858146,118.06787577238498,chifeng,cn,4.42,40,0,10.83
448,50.177818363922995,82.77700947718654,belousovka,kz,-4.01,83,0,2.24
449,-12.303372760887967,29.076982608711006,ndola,zm,67.6,98,92,9.31
450,7.350005511901145,-71.87445232305473,saravena,co,74.08,74,32,1.88
451,61.08703525502992,59.58700519784898,cheremukhovo,ru,15.58,87,88,8.3
452,-7.722137323688727,116.35951902873444,mataram,id,72.5,95,24,1.99
453,64.07994033686646,-58.2549356732049,sisimiut,gl,-14.13,61,32,3.38
454,7.679601349984296,49.97028638920327,eyl,so,76.82,86,0,14.34
455,24.402746278169957,-87.32977681222528,panaba,mx,77.23,72,76,5.23
456,-24.692289876395506,128.68081301915197,yulara,au,75.2,41,0,4.7
457,6.308172814101653,44.217758131111594,xuddur,so,88.7,25,0,7.25
458,2.7294405669324675,130.260127028993,ternate,id,78.76,100,64,6.91
459,60.07305299391615,51.79817459007876,lesnoy,ru,14.99,88,56,3.11
460,13.308006771696952,-95.16068539160102,pochutla,mx,83.17,100,75,1.25
461,63.52127154431324,101.4800313677597,tura,ru,-2.16,70,80,2.26
462,38.321905579868314,-106.42659073011976,alamosa,us,28.4,58,1,4.7
463,18.432889967681703,-119.77387947752045,constitucion,mx,50,87,40,6.93
464,9.664847661768306,-84.33343211245845,parrita,cr,77.92,44,0,18.34
465,36.53447420956353,69.50509282768652,taloqan,af,28.4,85,20,1.48
466,63.539101085499595,112.4414643730899,chernyshevskiy,ru,-15.57,68,88,4.56
467,34.19397781887304,60.070318222504,taybad,ir,26.47,69,0,3.27
468,42.56987064576853,55.33441327830252,zhanaozen,kz,28.36,56,0,15.35
469,-17.53729454216605,27.86710909509111,sinazongwe,zm,71.92,100,92,7.4
470,26.31330775511637,-16.937512409246352,arona,es,61.83,52,40,27.51
471,-8.86099978334714,-62.59209508040165,ariquemes,br,84.52,79,12,3
472,-46.74846606713017,24.412744858563002,plettenberg bay,za,71.24,96,0,10.04
473,-16.96008993869239,127.7393672094334,kununurra,au,80.6,94,0,1.12
474,62.20875204230748,35.62845800073674,sheltozero,ru,21.02,85,92,9.04
475,50.4703350106727,67.2119590497177,derzhavinsk,kz,17.11,84,92,14.79
476,-0.6731460991677807,24.03457070505175,yangambi,cd,92.12,41,68,3
477,75.53008774586434,26.344589553341876,honningsvag,no,27.36,74,20,29.97
478,34.48108984301652,108.5218194424412,xianyang,cn,37.4,37,80,8.95
479,3.867878767478146,92.33247825054531,banda aceh,id,78.98,84,44,0.98
480,28.323619653284467,-113.43878024591906,santa isabel,mx,56.61,20,1,2.55
481,25.81390845929755,-79.80509315095726,miami beach,us,14.52,56,1,4.7
482,-12.27500606265454,19.54060795863498,luena,ao,76.33,81,20,6.13
483,-7.870859929506608,3.191906364867151,gamba,ga,83.12,95,8,10.94
484,-54.5569233321652,131.8742099581661,portland,au,61.57,93,0,1.7
485,21.189188034966975,128.25468952815828,hirara,jp,70.97,100,68,16.58
486,50.29845737017101,-94.98468696413529,kenora,ca,-4.76,76,20,14.99
487,43.7549588885752,-69.53079030051498,bath,us,28.8,50,90,5.82
488,1.3150473591698812,97.58769193966748,sibolga,id,69.62,100,76,1.54
489,71.4307584992242,165.48612377313066,bilibino,ru,-0.09,72,92,2.33
490,43.44106838136318,-63.9988806496351,liverpool,ca,25.97,100,0,8.75
491,0.31722546651111827,-51.26334332344803,macapa,br,91.4,59,75,8.05
492,-48.50268621784615,-79.44110607154744,coihaique,cl,50,57,75,8.05
493,11.4387993306796,-69.49956825048677,coro,ve,78.8,85,32,12.33
494,66.32356014937474,152.87239867146724,srednekolymsk,ru,-1.62,70,88,4.72
495,-36.90036385224942,-64.64553856439764,santa rosa,ar,77.68,19,0,15.35
496,65.4545040356144,-151.90313267767166,college,us,-21.41,74,1,3.38
497,-32.866240598078484,-69.61957565907271,lujan,ar,53.33,36,64,15.97
498,27.64685811183959,63.83601307608504,dalbandin,pk,50.05,66,68,1.32
499,57.08501052373475,83.85154004137718,krivosheino,ru,7.88,77,68,3.11
500,-37.87489081671989,143.12245369467246,ararat,au,69.62,60,36,5.01
501,12.78256472680195,-98.0403924490385,puerto escondido,mx,82.4,54,5,5.82
502,20.978125693446586,-22.216725537294394,santa maria,cv,70.63,46,75,25.28
503,66.06669694509992,-1.3956761425874333,brae,gb,39.45,74,20,12.75
504,-3.771595036334574,26.78890836993787,kampene,cd,87.8,47,32,2.89
505,53.92676785312875,122.66230054677897,urusha,ru,-7.96,60,48,5.91
506,26.44674289461028,77.24108771200105,karauli,in,58.6,40,0,5.79
507,61.04548782134589,147.35500187531227,kholodnyy,ru,-13.45,74,56,4.5
508,9.82406505568197,33.13966842198141,asosa,et,91.27,14,0,4.61
509,-6.28887110068419,150.0740622774431,kandrian,pg,79.97,87,56,6.29
510,-16.50043831296287,175.2645889895752,isangel,vu,80.11,100,8,11.27
511,39.319733211362404,140.55425331935112,yokote,jp,30.74,95,92,1.88
512,58.6768556137589,82.43977678810256,togur,ru,9.28,80,64,2.89
513,51.06284262630919,-48.47082865699562,bonavista,ca,19.9,100,0,13.96
514,18.54650188448896,-71.02850600692594,tamayo,do,86,48,40,13.87
515,38.94029877461671,146.8845619079225,nemuro,jp,29.39,100,0,11.95
516,57.82450092867299,-100.876007968847,flin flon,ca,1.4,70,75,11.41
517,23.085670327017183,145.13543444117892,katsuura,jp,36.95,83,68,4.38
518,44.04177400923615,-112.16775828032591,rexburg,us,34.95,74,1,6.93
519,-40.51999165637683,164.6595504016683,te anau,nz,50.09,94,88,2.1
520,28.14078383948747,159.31711787924127,hasaki,jp,29.07,86,75,2.24
521,-31.392048634266892,115.87192682958363,perth,au,63.81,59,0,14.99
522,53.49322370754845,59.4522514408109,fershampenuaz,ru,-2.65,60,32,3.22
523,-19.142137141603214,-76.09014615201433,acari,pe,75.25,53,0,3
524,52.756480442488595,103.20292979297017,mishelevka,ru,-0.99,66,64,3.33
525,56.77690916286599,128.05013019638022,tommot,ru,-21.1,29,76,4.5
526,10.318341167618911,68.31917507074064,kavaratti,in,82.36,100,48,14.18
527,10.857488200255148,-20.914776276938056,oussouye,sn,89.62,23,0,11.41
528,31.387124573661055,111.3094788997746,yichang,cn,42.13,66,88,6.58
529,48.178436797263544,109.19834087193118,darhan,mn,-6.3,53,44,4.83
530,53.276421506300835,-101.93445857701481,hudson bay,ca,-6.12,69,0,9.93
531,53.28161817249983,-36.044258212090625,nanortalik,gl,20.53,100,76,13.11
532,38.00520847594282,-89.0724451627959,herrin,us,46.33,60,1,16.11
533,46.90664294216538,133.73148570363634,bikin,ru,12.02,74,68,5.84
534,27.365932180691388,108.62279885571888,tongren,cn,44.92,68,92,5.39
535,-13.311080378691273,23.74019074883242,kabompo,zm,71.42,100,80,7.14
536,62.523471239586144,17.0621158903991,timra,se,28.67,92,20,9.17
537,25.40518948086121,128.43731938683214,nishihara,jp,36.1,66,1,3.49
538,12.792662279813598,-79.7828092800057,san andres,co,86,70,20,11.41
539,46.65271994907272,-122.5739668023497,centralia,us,38.55,100,1,4.7
540,13.828679931191132,116.24585414569958,cabra,ph,79.21,100,64,5.73
541,7.792561055648889,-92.86775002642968,san jose,gt,71.38,100,24,3.11
542,49.849331639814665,-8.047172291375915,kinsale,ie,39.2,80,40,4.7
543,29.730299822728483,63.07326884567365,rudbar,af,42.08,31,0,5.12
544,46.898055088854875,26.198933776103615,viisoara,ro,33.8,80,90,9.17
545,35.74146221843837,105.18985339583361,baiyin,cn,12.2,56,75,6.71
546,-15.700263513639612,131.070932289888,katherine,au,77,83,75,5.82
547,8.59639684685456,-95.13959217007111,champerico,gt,84.2,58,0,3.04
548,27.222162569535712,99.86339561918726,dali,cn,48.43,69,0,4.56
549,29.956866432747873,-115.00060452043687,san felipe,mx,67.87,84,0,2.26
550,30.93425313253627,12.947319630058189,mizdah,ly,51.53,100,92,5.57
551,68.83192021205295,129.4476863820783,batagay-alyta,ru,-30.6,0,36,2.71
552,50.03335898637957,109.62919364110206,krasnyy chikoy,ru,-12.55,53,36,5.06
553,37.24492976296081,138.48346252594445,kashiwazaki,jp,20.08,100,36,2.59
554,-0.005390562745617444,-82.6265442941729,manta,ec,77,83,90,6.93
555,9.374434049246403,-63.86486520432754,cantaura,ve,84.92,48,0,15.08
556,-0.30644737791280363,26.390035997800112,kisangani,cd,93.74,40,56,3.11
557,40.99304846566022,145.4600407633818,kushiro,jp,7.07,54,0,5.35
558,-0.7943445913746388,-72.4079315799056,miraflores,co,54.14,93,76,2.37
559,49.06159186707663,83.34618316556742,kurchum,kz,-5.49,55,0,3.78
560,82.55252702194159,37.01272725934973,vardo,no,27.77,79,75,29.97
561,-20.70749191153611,-152.79161206864538,moerai,pf,78.35,100,88,9.08
562,-23.642761567913396,24.066289627863853,dutlwe,bw,88.12,33,0,11.1
563,39.027625416303806,143.8893548952114,yamada,jp,35.6,55,75,5.82
564,11.93384654246691,-6.729203770342679,kolondieba,ml,90.5,26,0,12.28
565,7.266233551056317,-36.89769983322995,itarema,br,81.01,98,64,9.15
566,-26.987106783640172,54.315893238154075,saint-joseph,re,77.14,88,75,6.93
567,48.589278992403536,39.51542557932217,rozkishne,ua,34.88,99,92,9.53
568,19.642549248129114,-75.29871705935263,guantanamo,cu,86.79,58,20,18.34
569,42.103524891510915,-75.76168354414537,binghamton,us,16.79,85,90,6.93
570,10.697801011637978,-85.61438346407766,liberia,cr,87.8,45,20,18.34
571,-8.708101974646496,-29.487415292810994,olinda,br,92.1,44,20,3.36
572,42.510201882457636,-64.70041288545087,shelburne,ca,17.6,78,90,4.7
573,64.39362908923161,15.668676462926726,ostersund,se,30.2,80,0,20.8
574,-12.698421120878564,-25.344787065849374,sao jose da coroa grande,br,80.78,100,36,5.79
575,33.06218790884792,109.76604438258744,ankang,cn,31.33,65,92,2.48
576,70.74114320048349,44.8039555956598,kamenka,ru,18.5,84,68,12.44
577,-26.447905786397364,-69.84706340633234,diego de almagro,cl,73.22,57,0,3.83
578,61.2894303239309,48.69462974023011,urdoma,ru,16.79,82,76,4.34
579,27.290094459854927,105.54781446693829,bijie,cn,32.86,95,92,2.59
580,64.2559629334207,53.29195079022307,vodnyy,ru,16.07,74,64,5.39
581,23.522927659966598,77.15823041750826,berasia,in,64.4,55,0,4.7
582,59.25057918590602,15.03763666806924,kumla,se,30.2,86,20,5.82
583,63.37773573657529,-7.6541113390923385,vestmanna,fo,30.2,92,56,23.24
584,26.557225200140408,82.61902221016578,gosainganj,in,60.8,55,0,2.24
585,-16.96123990363938,-40.532833777221214,itanhem,br,82.27,85,92,9.26
586,34.857860152293824,109.10470666587855,tongchuan,cn,37.4,37,80,8.95
587,-20.517168436366248,42.96412127348367,morondava,mg,77.68,100,92,7.14
588,46.4739140529,-124.70803272429603,astoria,us,39.2,100,40,3.27
589,37.575111444184955,-26.508651685052826,arrifes,pt,64.4,82,40,13.87
590,-12.673483058490973,53.37663101793433,sambava,mg,82.85,100,20,17.69
591,-11.907234266957659,-146.4670197903252,tiarei,pf,75.2,88,75,16.11
592,-12.845310876487574,157.97545447739174,honiara,sb,77,94,20,2.77
593,57.920215721956,-118.45758048172186,high level,ca,-14.81,75,75,5.12
594,1.6261312111811037,31.568814868669477,masindi,ug,90.05,29,8,7.25
595,-15.71032914716828,34.93736128768714,blantyre,mw,73.4,83,75,6.93
596,63.86240570526431,153.5494398128128,seymchan,ru,-10.66,69,80,8.93
597,-3.170974203919613,23.681374327888136,lodja,cd,76.42,96,36,4.72
598,65.5226727470745,150.4903920952729,zyryanka,ru,-8.05,64,88,7.92
599,13.718187359751042,41.1266486411065,edd,er,84.74,19,0,2.71
600,44.76581244655651,-130.21918841920478,north bend,us,44.33,93,40,4.7
601,-17.139962205279957,-154.6568569255489,vaitape,pf,81.23,100,76,19.15
602,8.387117700098472,72.08153611190343,dhidhdhoo,mv,83.3,97,48,11.1
603,32.32872255154166,-91.45974148372834,vicksburg,us,53.58,54,90,5.82
604,36.47614935735881,119.53143463847823,gaomi,cn,30.2,46,48,4.47
605,-30.917886052925297,150.34826636486372,gunnedah,au,75.2,57,75,12.75
606,14.884998763831547,132.22238746398273,san policarpo,ph,76.51,100,80,5.23
607,46.07308305150789,90.92774939117038,altay,cn,-8.68,67,0,1.99
608,58.504980383134324,33.258477580024305,okulovka,ru,23,85,80,7.29
609,44.74158815079278,-71.94201494126747,lyndon,us,26.15,73,90,14.99
610,19.61630597573766,1.8580635994632075,tessalit,ml,63.59,31,24,11.61
611,64.1014577094248,79.3859945737309,tarko-sale,ru,7.66,85,92,10.04
612,64.5930777556809,132.44982018354278,borogontsy,ru,-31.63,0,56,3.38
613,30.804151957996737,28.65361173456492,alexandria,eg,64.4,72,40,11.41
614,-33.135332825081925,25.39604910981913,kirkwood,za,71.6,83,0,21.92
615,4.869385881051073,-5.662078463508323,sassandra,ci,82.72,95,20,14.07
616,-6.8890362601837865,110.42875616466472,semarang,id,70.97,100,12,2.37
617,45.37998294614388,92.52228699128364,hami,cn,4.78,57,0,2.82
618,38.57616724712108,131.13698330642222,izumo,jp,39.2,60,75,3.36
619,-15.87010182955018,-51.66088334500654,barra do garcas,br,80.6,83,75,27.51
620,31.558613038729774,-72.06636786338353,havelock,us,49.73,54,1,11.41
